"hour","year","month","day","time_h","device","time_proper","Meeps","temp_mean","rh_mean","dp_mean"
0,2025,8,2,2025-08-02,"PIKARU20",2025-08-02,0,9.56083333333333,85.855,7.31916666666667
0,2025,8,2,2025-08-02,"PIKARU21",2025-08-02,0,9.56083333333333,85.855,7.31916666666667
0,2025,8,2,2025-08-02,"PIKARU25",2025-08-02,0,9.56083333333333,85.855,7.31916666666667
0,2025,8,2,2025-08-02,"PIKARU2",2025-08-02,0,9.56083333333333,85.855,7.31916666666667
0,2025,8,2,2025-08-02,"PIKARU6",2025-08-02,0,9.56083333333333,85.855,7.31916666666667
0,2025,8,4,2025-08-04,"PIKARU20",2025-08-04,0,9.30083333333333,61.9983333333333,2.4025
0,2025,8,4,2025-08-04,"PIKARU21",2025-08-04,0,9.30083333333333,61.9983333333333,2.4025
0,2025,8,4,2025-08-04,"PIKARU25",2025-08-04,0,9.30083333333333,61.9983333333333,2.4025
0,2025,8,4,2025-08-04,"PIKARU2",2025-08-04,0,9.30083333333333,61.9983333333333,2.4025
0,2025,8,4,2025-08-04,"PIKARU6",2025-08-04,0,9.30083333333333,61.9983333333333,2.4025
0,2025,8,5,2025-08-05,"PIKARU20",2025-08-05,0,8.04833333333333,78.0191666666667,4.45666666666667
0,2025,8,5,2025-08-05,"PIKARU21",2025-08-05,0,8.04833333333333,78.0191666666667,4.45666666666667
0,2025,8,5,2025-08-05,"PIKARU25",2025-08-05,0,8.04833333333333,78.0191666666667,4.45666666666667
0,2025,8,5,2025-08-05,"PIKARU2",2025-08-05,0,8.04833333333333,78.0191666666667,4.45666666666667
0,2025,8,5,2025-08-05,"PIKARU6",2025-08-05,0,8.04833333333333,78.0191666666667,4.45666666666667
1,2025,8,2,2025-08-02 01:00:00,"PIKARU20",2025-08-02 01:00:00,0,9.025,85.5933333333333,6.74916666666667
1,2025,8,2,2025-08-02 01:00:00,"PIKARU21",2025-08-02 01:00:00,0,9.025,85.5933333333333,6.74916666666667
1,2025,8,2,2025-08-02 01:00:00,"PIKARU25",2025-08-02 01:00:00,0,9.025,85.5933333333333,6.74916666666667
1,2025,8,2,2025-08-02 01:00:00,"PIKARU2",2025-08-02 01:00:00,0,9.025,85.5933333333333,6.74916666666667
1,2025,8,2,2025-08-02 01:00:00,"PIKARU6",2025-08-02 01:00:00,0,9.025,85.5933333333333,6.74916666666667
1,2025,8,4,2025-08-04 01:00:00,"PIKARU20",2025-08-04 01:00:00,0,8.965,64.2125,2.5775
1,2025,8,4,2025-08-04 01:00:00,"PIKARU21",2025-08-04 01:00:00,0,8.965,64.2125,2.5775
1,2025,8,4,2025-08-04 01:00:00,"PIKARU25",2025-08-04 01:00:00,0,8.965,64.2125,2.5775
1,2025,8,4,2025-08-04 01:00:00,"PIKARU2",2025-08-04 01:00:00,0,8.965,64.2125,2.5775
1,2025,8,4,2025-08-04 01:00:00,"PIKARU6",2025-08-04 01:00:00,0,8.965,64.2125,2.5775
1,2025,8,5,2025-08-05 01:00:00,"PIKARU20",2025-08-05 01:00:00,0,7.35666666666667,80.2525,4.1875
1,2025,8,5,2025-08-05 01:00:00,"PIKARU21",2025-08-05 01:00:00,0,7.35666666666667,80.2525,4.1875
1,2025,8,5,2025-08-05 01:00:00,"PIKARU25",2025-08-05 01:00:00,0,7.35666666666667,80.2525,4.1875
1,2025,8,5,2025-08-05 01:00:00,"PIKARU2",2025-08-05 01:00:00,0,7.35666666666667,80.2525,4.1875
1,2025,8,5,2025-08-05 01:00:00,"PIKARU6",2025-08-05 01:00:00,0,7.35666666666667,80.2525,4.1875
2,2025,8,2,2025-08-02 02:00:00,"PIKARU20",2025-08-02 02:00:00,0,8.75583333333333,85.9675,6.54666666666667
2,2025,8,2,2025-08-02 02:00:00,"PIKARU21",2025-08-02 02:00:00,0,8.75583333333333,85.9675,6.54666666666667
2,2025,8,2,2025-08-02 02:00:00,"PIKARU25",2025-08-02 02:00:00,0,8.75583333333333,85.9675,6.54666666666667
2,2025,8,2,2025-08-02 02:00:00,"PIKARU2",2025-08-02 02:00:00,0,8.75583333333333,85.9675,6.54666666666667
2,2025,8,2,2025-08-02 02:00:00,"PIKARU6",2025-08-02 02:00:00,0,8.75583333333333,85.9675,6.54666666666667
2,2025,8,4,2025-08-04 02:00:00,"PIKARU20",2025-08-04 02:00:00,1,8.59083333333333,64.8066666666667,2.3525
2,2025,8,4,2025-08-04 02:00:00,"PIKARU21",2025-08-04 02:00:00,0,8.59083333333333,64.8066666666667,2.3525
2,2025,8,4,2025-08-04 02:00:00,"PIKARU25",2025-08-04 02:00:00,0,8.59083333333333,64.8066666666667,2.3525
2,2025,8,4,2025-08-04 02:00:00,"PIKARU2",2025-08-04 02:00:00,0,8.59083333333333,64.8066666666667,2.3525
2,2025,8,4,2025-08-04 02:00:00,"PIKARU6",2025-08-04 02:00:00,0,8.59083333333333,64.8066666666667,2.3525
2,2025,8,5,2025-08-05 02:00:00,"PIKARU20",2025-08-05 02:00:00,0,7.44083333333333,79.1841666666667,4.07583333333333
2,2025,8,5,2025-08-05 02:00:00,"PIKARU21",2025-08-05 02:00:00,0,7.44083333333333,79.1841666666667,4.07583333333333
2,2025,8,5,2025-08-05 02:00:00,"PIKARU25",2025-08-05 02:00:00,0,7.44083333333333,79.1841666666667,4.07583333333333
2,2025,8,5,2025-08-05 02:00:00,"PIKARU2",2025-08-05 02:00:00,0,7.44083333333333,79.1841666666667,4.07583333333333
2,2025,8,5,2025-08-05 02:00:00,"PIKARU6",2025-08-05 02:00:00,0,7.44083333333333,79.1841666666667,4.07583333333333
3,2025,8,2,2025-08-02 03:00:00,"PIKARU20",2025-08-02 03:00:00,0,8.80333333333333,85.7583333333333,6.55916666666667
3,2025,8,2,2025-08-02 03:00:00,"PIKARU21",2025-08-02 03:00:00,0,8.80333333333333,85.7583333333333,6.55916666666667
3,2025,8,2,2025-08-02 03:00:00,"PIKARU25",2025-08-02 03:00:00,0,8.80333333333333,85.7583333333333,6.55916666666667
3,2025,8,2,2025-08-02 03:00:00,"PIKARU2",2025-08-02 03:00:00,1,8.80333333333333,85.7583333333333,6.55916666666667
3,2025,8,2,2025-08-02 03:00:00,"PIKARU6",2025-08-02 03:00:00,0,8.80333333333333,85.7583333333333,6.55916666666667
3,2025,8,4,2025-08-04 03:00:00,"PIKARU20",2025-08-04 03:00:00,2,8.33916666666667,65.1725,2.19083333333333
3,2025,8,4,2025-08-04 03:00:00,"PIKARU21",2025-08-04 03:00:00,2,8.33916666666667,65.1725,2.19083333333333
3,2025,8,4,2025-08-04 03:00:00,"PIKARU25",2025-08-04 03:00:00,1,8.33916666666667,65.1725,2.19083333333333
3,2025,8,4,2025-08-04 03:00:00,"PIKARU2",2025-08-04 03:00:00,2,8.33916666666667,65.1725,2.19083333333333
3,2025,8,4,2025-08-04 03:00:00,"PIKARU6",2025-08-04 03:00:00,0,8.33916666666667,65.1725,2.19083333333333
3,2025,8,5,2025-08-05 03:00:00,"PIKARU20",2025-08-05 03:00:00,0,7.21333333333333,79.6983333333333,3.9475
3,2025,8,5,2025-08-05 03:00:00,"PIKARU21",2025-08-05 03:00:00,0,7.21333333333333,79.6983333333333,3.9475
3,2025,8,5,2025-08-05 03:00:00,"PIKARU25",2025-08-05 03:00:00,0,7.21333333333333,79.6983333333333,3.9475
3,2025,8,5,2025-08-05 03:00:00,"PIKARU2",2025-08-05 03:00:00,0,7.21333333333333,79.6983333333333,3.9475
3,2025,8,5,2025-08-05 03:00:00,"PIKARU6",2025-08-05 03:00:00,0,7.21333333333333,79.6983333333333,3.9475
4,2025,8,2,2025-08-02 04:00:00,"PIKARU20",2025-08-02 04:00:00,0,8.40833333333333,85.2091666666667,6.07833333333333
4,2025,8,2,2025-08-02 04:00:00,"PIKARU21",2025-08-02 04:00:00,0,8.40833333333333,85.2091666666667,6.07833333333333
4,2025,8,2,2025-08-02 04:00:00,"PIKARU25",2025-08-02 04:00:00,1,8.40833333333333,85.2091666666667,6.07833333333333
4,2025,8,2,2025-08-02 04:00:00,"PIKARU2",2025-08-02 04:00:00,0,8.40833333333333,85.2091666666667,6.07833333333333
4,2025,8,2,2025-08-02 04:00:00,"PIKARU6",2025-08-02 04:00:00,0,8.40833333333333,85.2091666666667,6.07833333333333
4,2025,8,4,2025-08-04 04:00:00,"PIKARU20",2025-08-04 04:00:00,1,7.82583333333333,67.6,2.215
4,2025,8,4,2025-08-04 04:00:00,"PIKARU21",2025-08-04 04:00:00,2,7.82583333333333,67.6,2.215
4,2025,8,4,2025-08-04 04:00:00,"PIKARU25",2025-08-04 04:00:00,2,7.82583333333333,67.6,2.215
4,2025,8,4,2025-08-04 04:00:00,"PIKARU2",2025-08-04 04:00:00,0,7.82583333333333,67.6,2.215
4,2025,8,4,2025-08-04 04:00:00,"PIKARU6",2025-08-04 04:00:00,0,7.82583333333333,67.6,2.215
4,2025,8,5,2025-08-05 04:00:00,"PIKARU20",2025-08-05 04:00:00,4,6.92416666666667,80.3091666666667,3.775
4,2025,8,5,2025-08-05 04:00:00,"PIKARU21",2025-08-05 04:00:00,4,6.92416666666667,80.3091666666667,3.775
4,2025,8,5,2025-08-05 04:00:00,"PIKARU25",2025-08-05 04:00:00,3,6.92416666666667,80.3091666666667,3.775
4,2025,8,5,2025-08-05 04:00:00,"PIKARU2",2025-08-05 04:00:00,6,6.92416666666667,80.3091666666667,3.775
4,2025,8,5,2025-08-05 04:00:00,"PIKARU6",2025-08-05 04:00:00,4,6.92416666666667,80.3091666666667,3.775
5,2025,8,2,2025-08-02 05:00:00,"PIKARU20",2025-08-02 05:00:00,8,7.67,85.4858333333333,5.39916666666667
5,2025,8,2,2025-08-02 05:00:00,"PIKARU21",2025-08-02 05:00:00,0,7.67,85.4858333333333,5.39916666666667
5,2025,8,2,2025-08-02 05:00:00,"PIKARU25",2025-08-02 05:00:00,5,7.67,85.4858333333333,5.39916666666667
5,2025,8,2,2025-08-02 05:00:00,"PIKARU2",2025-08-02 05:00:00,0,7.67,85.4858333333333,5.39916666666667
5,2025,8,2,2025-08-02 05:00:00,"PIKARU6",2025-08-02 05:00:00,8,7.67,85.4858333333333,5.39916666666667
5,2025,8,4,2025-08-04 05:00:00,"PIKARU20",2025-08-04 05:00:00,9,8.4475,67.595,2.8075
5,2025,8,4,2025-08-04 05:00:00,"PIKARU21",2025-08-04 05:00:00,1,8.4475,67.595,2.8075
5,2025,8,4,2025-08-04 05:00:00,"PIKARU25",2025-08-04 05:00:00,5,8.4475,67.595,2.8075
5,2025,8,4,2025-08-04 05:00:00,"PIKARU2",2025-08-04 05:00:00,0,8.4475,67.595,2.8075
5,2025,8,4,2025-08-04 05:00:00,"PIKARU6",2025-08-04 05:00:00,8,8.4475,67.595,2.8075
5,2025,8,5,2025-08-05 05:00:00,"PIKARU20",2025-08-05 05:00:00,4,7.15,80.8833333333333,4.09833333333333
5,2025,8,5,2025-08-05 05:00:00,"PIKARU21",2025-08-05 05:00:00,1,7.15,80.8833333333333,4.09833333333333
5,2025,8,5,2025-08-05 05:00:00,"PIKARU25",2025-08-05 05:00:00,3,7.15,80.8833333333333,4.09833333333333
5,2025,8,5,2025-08-05 05:00:00,"PIKARU2",2025-08-05 05:00:00,1,7.15,80.8833333333333,4.09833333333333
5,2025,8,5,2025-08-05 05:00:00,"PIKARU6",2025-08-05 05:00:00,2,7.15,80.8833333333333,4.09833333333333
6,2025,8,2,2025-08-02 06:00:00,"PIKARU20",2025-08-02 06:00:00,11,8.28833333333333,84.8233333333333,5.89083333333333
6,2025,8,2,2025-08-02 06:00:00,"PIKARU21",2025-08-02 06:00:00,2,8.28833333333333,84.8233333333333,5.89083333333333
6,2025,8,2,2025-08-02 06:00:00,"PIKARU25",2025-08-02 06:00:00,11,8.28833333333333,84.8233333333333,5.89083333333333
6,2025,8,2,2025-08-02 06:00:00,"PIKARU2",2025-08-02 06:00:00,1,8.28833333333333,84.8233333333333,5.89083333333333
6,2025,8,2,2025-08-02 06:00:00,"PIKARU6",2025-08-02 06:00:00,3,8.28833333333333,84.8233333333333,5.89083333333333
6,2025,8,4,2025-08-04 06:00:00,"PIKARU20",2025-08-04 06:00:00,23,8.52416666666667,68.4675,3.06083333333333
6,2025,8,4,2025-08-04 06:00:00,"PIKARU21",2025-08-04 06:00:00,11,8.52416666666667,68.4675,3.06083333333333
6,2025,8,4,2025-08-04 06:00:00,"PIKARU25",2025-08-04 06:00:00,27,8.52416666666667,68.4675,3.06083333333333
6,2025,8,4,2025-08-04 06:00:00,"PIKARU2",2025-08-04 06:00:00,3,8.52416666666667,68.4675,3.06083333333333
6,2025,8,4,2025-08-04 06:00:00,"PIKARU6",2025-08-04 06:00:00,6,8.52416666666667,68.4675,3.06083333333333
6,2025,8,5,2025-08-05 06:00:00,"PIKARU20",2025-08-05 06:00:00,2,7.735,81.4433333333333,4.7675
6,2025,8,5,2025-08-05 06:00:00,"PIKARU21",2025-08-05 06:00:00,0,7.735,81.4433333333333,4.7675
6,2025,8,5,2025-08-05 06:00:00,"PIKARU25",2025-08-05 06:00:00,2,7.735,81.4433333333333,4.7675
6,2025,8,5,2025-08-05 06:00:00,"PIKARU2",2025-08-05 06:00:00,0,7.735,81.4433333333333,4.7675
6,2025,8,5,2025-08-05 06:00:00,"PIKARU6",2025-08-05 06:00:00,1,7.735,81.4433333333333,4.7675
7,2025,8,2,2025-08-02 07:00:00,"PIKARU20",2025-08-02 07:00:00,13,9.56916666666667,82.07,6.66833333333333
7,2025,8,2,2025-08-02 07:00:00,"PIKARU21",2025-08-02 07:00:00,0,9.56916666666667,82.07,6.66833333333333
7,2025,8,2,2025-08-02 07:00:00,"PIKARU25",2025-08-02 07:00:00,15,9.56916666666667,82.07,6.66833333333333
7,2025,8,2,2025-08-02 07:00:00,"PIKARU2",2025-08-02 07:00:00,1,9.56916666666667,82.07,6.66833333333333
7,2025,8,2,2025-08-02 07:00:00,"PIKARU6",2025-08-02 07:00:00,17,9.56916666666667,82.07,6.66833333333333
7,2025,8,4,2025-08-04 07:00:00,"PIKARU20",2025-08-04 07:00:00,40,9.90916666666667,66.2883333333333,3.91916666666667
7,2025,8,4,2025-08-04 07:00:00,"PIKARU21",2025-08-04 07:00:00,2,9.90916666666667,66.2883333333333,3.91916666666667
7,2025,8,4,2025-08-04 07:00:00,"PIKARU25",2025-08-04 07:00:00,47,9.90916666666667,66.2883333333333,3.91916666666667
7,2025,8,4,2025-08-04 07:00:00,"PIKARU2",2025-08-04 07:00:00,17,9.90916666666667,66.2883333333333,3.91916666666667
7,2025,8,4,2025-08-04 07:00:00,"PIKARU6",2025-08-04 07:00:00,13,9.90916666666667,66.2883333333333,3.91916666666667
7,2025,8,5,2025-08-05 07:00:00,"PIKARU20",2025-08-05 07:00:00,2,8.71,80.5133333333333,5.555
7,2025,8,5,2025-08-05 07:00:00,"PIKARU21",2025-08-05 07:00:00,0,8.71,80.5133333333333,5.555
7,2025,8,5,2025-08-05 07:00:00,"PIKARU25",2025-08-05 07:00:00,1,8.71,80.5133333333333,5.555
7,2025,8,5,2025-08-05 07:00:00,"PIKARU2",2025-08-05 07:00:00,1,8.71,80.5133333333333,5.555
7,2025,8,5,2025-08-05 07:00:00,"PIKARU6",2025-08-05 07:00:00,1,8.71,80.5133333333333,5.555
8,2025,8,2,2025-08-02 08:00:00,"PIKARU20",2025-08-02 08:00:00,4,11.72,74.1933333333333,7.28
8,2025,8,2,2025-08-02 08:00:00,"PIKARU21",2025-08-02 08:00:00,0,11.72,74.1933333333333,7.28
8,2025,8,2,2025-08-02 08:00:00,"PIKARU25",2025-08-02 08:00:00,2,11.72,74.1933333333333,7.28
8,2025,8,2,2025-08-02 08:00:00,"PIKARU2",2025-08-02 08:00:00,1,11.72,74.1933333333333,7.28
8,2025,8,2,2025-08-02 08:00:00,"PIKARU6",2025-08-02 08:00:00,7,11.72,74.1933333333333,7.28
8,2025,8,4,2025-08-04 08:00:00,"PIKARU20",2025-08-04 08:00:00,1,12.5716666666667,59.9408333333333,4.9975
8,2025,8,4,2025-08-04 08:00:00,"PIKARU21",2025-08-04 08:00:00,0,12.5716666666667,59.9408333333333,4.9975
8,2025,8,4,2025-08-04 08:00:00,"PIKARU25",2025-08-04 08:00:00,2,12.5716666666667,59.9408333333333,4.9975
8,2025,8,4,2025-08-04 08:00:00,"PIKARU2",2025-08-04 08:00:00,0,12.5716666666667,59.9408333333333,4.9975
8,2025,8,4,2025-08-04 08:00:00,"PIKARU6",2025-08-04 08:00:00,11,12.5716666666667,59.9408333333333,4.9975
8,2025,8,5,2025-08-05 08:00:00,"PIKARU20",2025-08-05 08:00:00,6,9.33833333333333,80.605,6.18416666666667
8,2025,8,5,2025-08-05 08:00:00,"PIKARU21",2025-08-05 08:00:00,0,9.33833333333333,80.605,6.18416666666667
8,2025,8,5,2025-08-05 08:00:00,"PIKARU25",2025-08-05 08:00:00,0,9.33833333333333,80.605,6.18416666666667
8,2025,8,5,2025-08-05 08:00:00,"PIKARU2",2025-08-05 08:00:00,0,9.33833333333333,80.605,6.18416666666667
8,2025,8,5,2025-08-05 08:00:00,"PIKARU6",2025-08-05 08:00:00,0,9.33833333333333,80.605,6.18416666666667
9,2025,8,2,2025-08-02 09:00:00,"PIKARU20",2025-08-02 09:00:00,6,12.9825,66.9283333333333,6.9825
9,2025,8,2,2025-08-02 09:00:00,"PIKARU21",2025-08-02 09:00:00,0,12.9825,66.9283333333333,6.9825
9,2025,8,2,2025-08-02 09:00:00,"PIKARU25",2025-08-02 09:00:00,2,12.9825,66.9283333333333,6.9825
9,2025,8,2,2025-08-02 09:00:00,"PIKARU2",2025-08-02 09:00:00,1,12.9825,66.9283333333333,6.9825
9,2025,8,2,2025-08-02 09:00:00,"PIKARU6",2025-08-02 09:00:00,19,12.9825,66.9283333333333,6.9825
9,2025,8,4,2025-08-04 09:00:00,"PIKARU20",2025-08-04 09:00:00,2,13.49,56.425,5.00166666666667
9,2025,8,4,2025-08-04 09:00:00,"PIKARU21",2025-08-04 09:00:00,0,13.49,56.425,5.00166666666667
9,2025,8,4,2025-08-04 09:00:00,"PIKARU25",2025-08-04 09:00:00,1,13.49,56.425,5.00166666666667
9,2025,8,4,2025-08-04 09:00:00,"PIKARU2",2025-08-04 09:00:00,1,13.49,56.425,5.00166666666667
9,2025,8,4,2025-08-04 09:00:00,"PIKARU6",2025-08-04 09:00:00,1,13.49,56.425,5.00166666666667
9,2025,8,5,2025-08-05 09:00:00,"PIKARU20",2025-08-05 09:00:00,7,10.0175,78.3,6.42416666666667
9,2025,8,5,2025-08-05 09:00:00,"PIKARU21",2025-08-05 09:00:00,0,10.0175,78.3,6.42416666666667
9,2025,8,5,2025-08-05 09:00:00,"PIKARU25",2025-08-05 09:00:00,5,10.0175,78.3,6.42416666666667
9,2025,8,5,2025-08-05 09:00:00,"PIKARU2",2025-08-05 09:00:00,0,10.0175,78.3,6.42416666666667
9,2025,8,5,2025-08-05 09:00:00,"PIKARU6",2025-08-05 09:00:00,13,10.0175,78.3,6.42416666666667
10,2025,8,2,2025-08-02 10:00:00,"PIKARU20",2025-08-02 10:00:00,4,13.95,55.8716666666667,5.285
10,2025,8,2,2025-08-02 10:00:00,"PIKARU21",2025-08-02 10:00:00,0,13.95,55.8716666666667,5.285
10,2025,8,2,2025-08-02 10:00:00,"PIKARU25",2025-08-02 10:00:00,3,13.95,55.8716666666667,5.285
10,2025,8,2,2025-08-02 10:00:00,"PIKARU2",2025-08-02 10:00:00,0,13.95,55.8716666666667,5.285
10,2025,8,2,2025-08-02 10:00:00,"PIKARU6",2025-08-02 10:00:00,8,13.95,55.8716666666667,5.285
10,2025,8,4,2025-08-04 10:00:00,"PIKARU20",2025-08-04 10:00:00,1,15.0316666666667,54.3233333333333,5.89166666666667
10,2025,8,4,2025-08-04 10:00:00,"PIKARU21",2025-08-04 10:00:00,0,15.0316666666667,54.3233333333333,5.89166666666667
10,2025,8,4,2025-08-04 10:00:00,"PIKARU25",2025-08-04 10:00:00,3,15.0316666666667,54.3233333333333,5.89166666666667
10,2025,8,4,2025-08-04 10:00:00,"PIKARU2",2025-08-04 10:00:00,1,15.0316666666667,54.3233333333333,5.89166666666667
10,2025,8,4,2025-08-04 10:00:00,"PIKARU6",2025-08-04 10:00:00,2,15.0316666666667,54.3233333333333,5.89166666666667
10,2025,8,5,2025-08-05 10:00:00,"PIKARU20",2025-08-05 10:00:00,5,10.7258333333333,77.8916666666667,7.03583333333333
10,2025,8,5,2025-08-05 10:00:00,"PIKARU21",2025-08-05 10:00:00,1,10.7258333333333,77.8916666666667,7.03583333333333
10,2025,8,5,2025-08-05 10:00:00,"PIKARU25",2025-08-05 10:00:00,1,10.7258333333333,77.8916666666667,7.03583333333333
10,2025,8,5,2025-08-05 10:00:00,"PIKARU2",2025-08-05 10:00:00,0,10.7258333333333,77.8916666666667,7.03583333333333
10,2025,8,5,2025-08-05 10:00:00,"PIKARU6",2025-08-05 10:00:00,4,10.7258333333333,77.8916666666667,7.03583333333333
11,2025,8,2,2025-08-02 11:00:00,"PIKARU20",2025-08-02 11:00:00,5,14.6491666666667,50.4666666666667,4.4825
11,2025,8,2,2025-08-02 11:00:00,"PIKARU21",2025-08-02 11:00:00,0,14.6491666666667,50.4666666666667,4.4825
11,2025,8,2,2025-08-02 11:00:00,"PIKARU25",2025-08-02 11:00:00,3,14.6491666666667,50.4666666666667,4.4825
11,2025,8,2,2025-08-02 11:00:00,"PIKARU2",2025-08-02 11:00:00,0,14.6491666666667,50.4666666666667,4.4825
11,2025,8,2,2025-08-02 11:00:00,"PIKARU6",2025-08-02 11:00:00,8,14.6491666666667,50.4666666666667,4.4825
11,2025,8,4,2025-08-04 11:00:00,"PIKARU20",2025-08-04 11:00:00,2,15.4958333333333,51.5066666666667,5.55416666666667
11,2025,8,4,2025-08-04 11:00:00,"PIKARU21",2025-08-04 11:00:00,0,15.4958333333333,51.5066666666667,5.55416666666667
11,2025,8,4,2025-08-04 11:00:00,"PIKARU25",2025-08-04 11:00:00,3,15.4958333333333,51.5066666666667,5.55416666666667
11,2025,8,4,2025-08-04 11:00:00,"PIKARU2",2025-08-04 11:00:00,0,15.4958333333333,51.5066666666667,5.55416666666667
11,2025,8,4,2025-08-04 11:00:00,"PIKARU6",2025-08-04 11:00:00,2,15.4958333333333,51.5066666666667,5.55416666666667
11,2025,8,5,2025-08-05 11:00:00,"PIKARU20",2025-08-05 11:00:00,6,10.83,80.5575,7.62833333333333
11,2025,8,5,2025-08-05 11:00:00,"PIKARU21",2025-08-05 11:00:00,0,10.83,80.5575,7.62833333333333
11,2025,8,5,2025-08-05 11:00:00,"PIKARU25",2025-08-05 11:00:00,6,10.83,80.5575,7.62833333333333
11,2025,8,5,2025-08-05 11:00:00,"PIKARU2",2025-08-05 11:00:00,0,10.83,80.5575,7.62833333333333
11,2025,8,5,2025-08-05 11:00:00,"PIKARU6",2025-08-05 11:00:00,5,10.83,80.5575,7.62833333333333
12,2025,8,2,2025-08-02 12:00:00,"PIKARU20",2025-08-02 12:00:00,5,15.3425,48.5425,4.56166666666667
12,2025,8,2,2025-08-02 12:00:00,"PIKARU21",2025-08-02 12:00:00,0,15.3425,48.5425,4.56166666666667
12,2025,8,2,2025-08-02 12:00:00,"PIKARU25",2025-08-02 12:00:00,0,15.3425,48.5425,4.56166666666667
12,2025,8,2,2025-08-02 12:00:00,"PIKARU2",2025-08-02 12:00:00,0,15.3425,48.5425,4.56166666666667
12,2025,8,2,2025-08-02 12:00:00,"PIKARU6",2025-08-02 12:00:00,5,15.3425,48.5425,4.56166666666667
12,2025,8,4,2025-08-04 12:00:00,"PIKARU20",2025-08-04 12:00:00,6,16.0533333333333,49.5725,5.4975
12,2025,8,4,2025-08-04 12:00:00,"PIKARU21",2025-08-04 12:00:00,0,16.0533333333333,49.5725,5.4975
12,2025,8,4,2025-08-04 12:00:00,"PIKARU25",2025-08-04 12:00:00,6,16.0533333333333,49.5725,5.4975
12,2025,8,4,2025-08-04 12:00:00,"PIKARU2",2025-08-04 12:00:00,3,16.0533333333333,49.5725,5.4975
12,2025,8,4,2025-08-04 12:00:00,"PIKARU6",2025-08-04 12:00:00,2,16.0533333333333,49.5725,5.4975
12,2025,8,5,2025-08-05 12:00:00,"PIKARU20",2025-08-05 12:00:00,1,9.92583333333333,86.4316666666667,7.77916666666667
12,2025,8,5,2025-08-05 12:00:00,"PIKARU21",2025-08-05 12:00:00,0,9.92583333333333,86.4316666666667,7.77916666666667
12,2025,8,5,2025-08-05 12:00:00,"PIKARU25",2025-08-05 12:00:00,0,9.92583333333333,86.4316666666667,7.77916666666667
12,2025,8,5,2025-08-05 12:00:00,"PIKARU2",2025-08-05 12:00:00,0,9.92583333333333,86.4316666666667,7.77916666666667
12,2025,8,5,2025-08-05 12:00:00,"PIKARU6",2025-08-05 12:00:00,0,9.92583333333333,86.4316666666667,7.77916666666667
13,2025,8,2,2025-08-02 13:00:00,"PIKARU20",2025-08-02 13:00:00,12,15.1166666666667,46.9433333333333,3.88083333333333
13,2025,8,2,2025-08-02 13:00:00,"PIKARU21",2025-08-02 13:00:00,0,15.1166666666667,46.9433333333333,3.88083333333333
13,2025,8,2,2025-08-02 13:00:00,"PIKARU25",2025-08-02 13:00:00,17,15.1166666666667,46.9433333333333,3.88083333333333
13,2025,8,2,2025-08-02 13:00:00,"PIKARU2",2025-08-02 13:00:00,2,15.1166666666667,46.9433333333333,3.88083333333333
13,2025,8,2,2025-08-02 13:00:00,"PIKARU6",2025-08-02 13:00:00,14,15.1166666666667,46.9433333333333,3.88083333333333
13,2025,8,4,2025-08-04 13:00:00,"PIKARU20",2025-08-04 13:00:00,0,13.02,57.9833333333333,4.92416666666667
13,2025,8,4,2025-08-04 13:00:00,"PIKARU21",2025-08-04 13:00:00,0,13.02,57.9833333333333,4.92416666666667
13,2025,8,4,2025-08-04 13:00:00,"PIKARU25",2025-08-04 13:00:00,1,13.02,57.9833333333333,4.92416666666667
13,2025,8,4,2025-08-04 13:00:00,"PIKARU2",2025-08-04 13:00:00,0,13.02,57.9833333333333,4.92416666666667
13,2025,8,4,2025-08-04 13:00:00,"PIKARU6",2025-08-04 13:00:00,0,13.02,57.9833333333333,4.92416666666667
13,2025,8,5,2025-08-05 13:00:00,"PIKARU20",2025-08-05 13:00:00,3,10.3741666666667,87.0491666666667,8.32083333333333
13,2025,8,5,2025-08-05 13:00:00,"PIKARU21",2025-08-05 13:00:00,0,10.3741666666667,87.0491666666667,8.32083333333333
13,2025,8,5,2025-08-05 13:00:00,"PIKARU25",2025-08-05 13:00:00,1,10.3741666666667,87.0491666666667,8.32083333333333
13,2025,8,5,2025-08-05 13:00:00,"PIKARU2",2025-08-05 13:00:00,0,10.3741666666667,87.0491666666667,8.32083333333333
13,2025,8,5,2025-08-05 13:00:00,"PIKARU6",2025-08-05 13:00:00,1,10.3741666666667,87.0491666666667,8.32083333333333
14,2025,8,2,2025-08-02 14:00:00,"PIKARU20",2025-08-02 14:00:00,16,14.6716666666667,47.775,3.7125
14,2025,8,2,2025-08-02 14:00:00,"PIKARU21",2025-08-02 14:00:00,0,14.6716666666667,47.775,3.7125
14,2025,8,2,2025-08-02 14:00:00,"PIKARU25",2025-08-02 14:00:00,19,14.6716666666667,47.775,3.7125
14,2025,8,2,2025-08-02 14:00:00,"PIKARU2",2025-08-02 14:00:00,3,14.6716666666667,47.775,3.7125
14,2025,8,2,2025-08-02 14:00:00,"PIKARU6",2025-08-02 14:00:00,7,14.6716666666667,47.775,3.7125
14,2025,8,4,2025-08-04 14:00:00,"PIKARU20",2025-08-04 14:00:00,3,13.4016666666667,56.67,4.98083333333333
14,2025,8,4,2025-08-04 14:00:00,"PIKARU21",2025-08-04 14:00:00,0,13.4016666666667,56.67,4.98083333333333
14,2025,8,4,2025-08-04 14:00:00,"PIKARU25",2025-08-04 14:00:00,2,13.4016666666667,56.67,4.98083333333333
14,2025,8,4,2025-08-04 14:00:00,"PIKARU2",2025-08-04 14:00:00,0,13.4016666666667,56.67,4.98083333333333
14,2025,8,4,2025-08-04 14:00:00,"PIKARU6",2025-08-04 14:00:00,2,13.4016666666667,56.67,4.98083333333333
14,2025,8,5,2025-08-05 14:00:00,"PIKARU20",2025-08-05 14:00:00,3,11.8625,83.99,9.25166666666667
14,2025,8,5,2025-08-05 14:00:00,"PIKARU21",2025-08-05 14:00:00,0,11.8625,83.99,9.25166666666667
14,2025,8,5,2025-08-05 14:00:00,"PIKARU25",2025-08-05 14:00:00,0,11.8625,83.99,9.25166666666667
14,2025,8,5,2025-08-05 14:00:00,"PIKARU2",2025-08-05 14:00:00,0,11.8625,83.99,9.25166666666667
14,2025,8,5,2025-08-05 14:00:00,"PIKARU6",2025-08-05 14:00:00,1,11.8625,83.99,9.25166666666667
15,2025,8,2,2025-08-02 15:00:00,"PIKARU20",2025-08-02 15:00:00,3,15.0725,47.7858333333333,4.0825
15,2025,8,2,2025-08-02 15:00:00,"PIKARU21",2025-08-02 15:00:00,0,15.0725,47.7858333333333,4.0825
15,2025,8,2,2025-08-02 15:00:00,"PIKARU25",2025-08-02 15:00:00,1,15.0725,47.7858333333333,4.0825
15,2025,8,2,2025-08-02 15:00:00,"PIKARU2",2025-08-02 15:00:00,0,15.0725,47.7858333333333,4.0825
15,2025,8,2,2025-08-02 15:00:00,"PIKARU6",2025-08-02 15:00:00,1,15.0725,47.7858333333333,4.0825
15,2025,8,4,2025-08-04 15:00:00,"PIKARU20",2025-08-04 15:00:00,8,14.2508333333333,53.3841666666667,4.89916666666667
15,2025,8,4,2025-08-04 15:00:00,"PIKARU21",2025-08-04 15:00:00,1,14.2508333333333,53.3841666666667,4.89916666666667
15,2025,8,4,2025-08-04 15:00:00,"PIKARU25",2025-08-04 15:00:00,17,14.2508333333333,53.3841666666667,4.89916666666667
15,2025,8,4,2025-08-04 15:00:00,"PIKARU2",2025-08-04 15:00:00,3,14.2508333333333,53.3841666666667,4.89916666666667
15,2025,8,4,2025-08-04 15:00:00,"PIKARU6",2025-08-04 15:00:00,9,14.2508333333333,53.3841666666667,4.89916666666667
15,2025,8,5,2025-08-05 15:00:00,"PIKARU20",2025-08-05 15:00:00,3,13.3741666666667,76.9366666666667,9.42583333333333
15,2025,8,5,2025-08-05 15:00:00,"PIKARU21",2025-08-05 15:00:00,0,13.3741666666667,76.9366666666667,9.42583333333333
15,2025,8,5,2025-08-05 15:00:00,"PIKARU25",2025-08-05 15:00:00,2,13.3741666666667,76.9366666666667,9.42583333333333
15,2025,8,5,2025-08-05 15:00:00,"PIKARU2",2025-08-05 15:00:00,0,13.3741666666667,76.9366666666667,9.42583333333333
15,2025,8,5,2025-08-05 15:00:00,"PIKARU6",2025-08-05 15:00:00,3,13.3741666666667,76.9366666666667,9.42583333333333
16,2025,8,2,2025-08-02 16:00:00,"PIKARU20",2025-08-02 16:00:00,6,16.1633333333333,43.2941666666667,3.67
16,2025,8,2,2025-08-02 16:00:00,"PIKARU21",2025-08-02 16:00:00,0,16.1633333333333,43.2941666666667,3.67
16,2025,8,2,2025-08-02 16:00:00,"PIKARU25",2025-08-02 16:00:00,7,16.1633333333333,43.2941666666667,3.67
16,2025,8,2,2025-08-02 16:00:00,"PIKARU2",2025-08-02 16:00:00,8,16.1633333333333,43.2941666666667,3.67
16,2025,8,2,2025-08-02 16:00:00,"PIKARU6",2025-08-02 16:00:00,3,16.1633333333333,43.2941666666667,3.67
16,2025,8,4,2025-08-04 16:00:00,"PIKARU20",2025-08-04 16:00:00,1,17.1225,44.2441666666667,4.85166666666667
16,2025,8,4,2025-08-04 16:00:00,"PIKARU21",2025-08-04 16:00:00,1,17.1225,44.2441666666667,4.85166666666667
16,2025,8,4,2025-08-04 16:00:00,"PIKARU25",2025-08-04 16:00:00,0,17.1225,44.2441666666667,4.85166666666667
16,2025,8,4,2025-08-04 16:00:00,"PIKARU2",2025-08-04 16:00:00,0,17.1225,44.2441666666667,4.85166666666667
16,2025,8,4,2025-08-04 16:00:00,"PIKARU6",2025-08-04 16:00:00,0,17.1225,44.2441666666667,4.85166666666667
16,2025,8,5,2025-08-05 16:00:00,"PIKARU20",2025-08-05 16:00:00,5,13.6325,72.585,8.805
16,2025,8,5,2025-08-05 16:00:00,"PIKARU21",2025-08-05 16:00:00,0,13.6325,72.585,8.805
16,2025,8,5,2025-08-05 16:00:00,"PIKARU25",2025-08-05 16:00:00,4,13.6325,72.585,8.805
16,2025,8,5,2025-08-05 16:00:00,"PIKARU2",2025-08-05 16:00:00,0,13.6325,72.585,8.805
16,2025,8,5,2025-08-05 16:00:00,"PIKARU6",2025-08-05 16:00:00,5,13.6325,72.585,8.805
17,2025,8,2,2025-08-02 17:00:00,"PIKARU20",2025-08-02 17:00:00,4,16.9933333333333,37.3783333333333,2.35166666666667
17,2025,8,2,2025-08-02 17:00:00,"PIKARU21",2025-08-02 17:00:00,0,16.9933333333333,37.3783333333333,2.35166666666667
17,2025,8,2,2025-08-02 17:00:00,"PIKARU25",2025-08-02 17:00:00,5,16.9933333333333,37.3783333333333,2.35166666666667
17,2025,8,2,2025-08-02 17:00:00,"PIKARU2",2025-08-02 17:00:00,0,16.9933333333333,37.3783333333333,2.35166666666667
17,2025,8,2,2025-08-02 17:00:00,"PIKARU6",2025-08-02 17:00:00,5,16.9933333333333,37.3783333333333,2.35166666666667
17,2025,8,4,2025-08-04 17:00:00,"PIKARU20",2025-08-04 17:00:00,11,15.2825,49.0775,4.59
17,2025,8,4,2025-08-04 17:00:00,"PIKARU21",2025-08-04 17:00:00,0,15.2825,49.0775,4.59
17,2025,8,4,2025-08-04 17:00:00,"PIKARU25",2025-08-04 17:00:00,12,15.2825,49.0775,4.59
17,2025,8,4,2025-08-04 17:00:00,"PIKARU2",2025-08-04 17:00:00,6,15.2825,49.0775,4.59
17,2025,8,4,2025-08-04 17:00:00,"PIKARU6",2025-08-04 17:00:00,6,15.2825,49.0775,4.59
17,2025,8,5,2025-08-05 17:00:00,"PIKARU20",2025-08-05 17:00:00,8,13.6341666666667,67.1733333333333,7.67166666666667
17,2025,8,5,2025-08-05 17:00:00,"PIKARU21",2025-08-05 17:00:00,0,13.6341666666667,67.1733333333333,7.67166666666667
17,2025,8,5,2025-08-05 17:00:00,"PIKARU25",2025-08-05 17:00:00,16,13.6341666666667,67.1733333333333,7.67166666666667
17,2025,8,5,2025-08-05 17:00:00,"PIKARU2",2025-08-05 17:00:00,12,13.6341666666667,67.1733333333333,7.67166666666667
17,2025,8,5,2025-08-05 17:00:00,"PIKARU6",2025-08-05 17:00:00,13,13.6341666666667,67.1733333333333,7.67166666666667
18,2025,8,2,2025-08-02 18:00:00,"PIKARU20",2025-08-02 18:00:00,4,17.0391666666667,37.6091666666667,2.48
18,2025,8,2,2025-08-02 18:00:00,"PIKARU21",2025-08-02 18:00:00,1,17.0391666666667,37.6091666666667,2.48
18,2025,8,2,2025-08-02 18:00:00,"PIKARU25",2025-08-02 18:00:00,8,17.0391666666667,37.6091666666667,2.48
18,2025,8,2,2025-08-02 18:00:00,"PIKARU2",2025-08-02 18:00:00,0,17.0391666666667,37.6091666666667,2.48
18,2025,8,2,2025-08-02 18:00:00,"PIKARU6",2025-08-02 18:00:00,5,17.0391666666667,37.6091666666667,2.48
18,2025,8,4,2025-08-04 18:00:00,"PIKARU20",2025-08-04 18:00:00,0,11.4008333333333,69.7391666666667,6.00583333333333
18,2025,8,4,2025-08-04 18:00:00,"PIKARU21",2025-08-04 18:00:00,0,11.4008333333333,69.7391666666667,6.00583333333333
18,2025,8,4,2025-08-04 18:00:00,"PIKARU25",2025-08-04 18:00:00,0,11.4008333333333,69.7391666666667,6.00583333333333
18,2025,8,4,2025-08-04 18:00:00,"PIKARU2",2025-08-04 18:00:00,0,11.4008333333333,69.7391666666667,6.00583333333333
18,2025,8,4,2025-08-04 18:00:00,"PIKARU6",2025-08-04 18:00:00,1,11.4008333333333,69.7391666666667,6.00583333333333
18,2025,8,5,2025-08-05 18:00:00,"PIKARU20",2025-08-05 18:00:00,22,13.1625,68.6325,7.52916666666667
18,2025,8,5,2025-08-05 18:00:00,"PIKARU21",2025-08-05 18:00:00,0,13.1625,68.6325,7.52916666666667
18,2025,8,5,2025-08-05 18:00:00,"PIKARU25",2025-08-05 18:00:00,21,13.1625,68.6325,7.52916666666667
18,2025,8,5,2025-08-05 18:00:00,"PIKARU2",2025-08-05 18:00:00,2,13.1625,68.6325,7.52916666666667
18,2025,8,5,2025-08-05 18:00:00,"PIKARU6",2025-08-05 18:00:00,25,13.1625,68.6325,7.52916666666667
19,2025,8,2,2025-08-02 19:00:00,"PIKARU20",2025-08-02 19:00:00,3,17.0908333333333,39.3816666666667,3.175
19,2025,8,2,2025-08-02 19:00:00,"PIKARU21",2025-08-02 19:00:00,0,17.0908333333333,39.3816666666667,3.175
19,2025,8,2,2025-08-02 19:00:00,"PIKARU25",2025-08-02 19:00:00,7,17.0908333333333,39.3816666666667,3.175
19,2025,8,2,2025-08-02 19:00:00,"PIKARU2",2025-08-02 19:00:00,0,17.0908333333333,39.3816666666667,3.175
19,2025,8,2,2025-08-02 19:00:00,"PIKARU6",2025-08-02 19:00:00,8,17.0908333333333,39.3816666666667,3.175
19,2025,8,4,2025-08-04 19:00:00,"PIKARU20",2025-08-04 19:00:00,2,12.2958333333333,73.6166666666667,7.725
19,2025,8,4,2025-08-04 19:00:00,"PIKARU21",2025-08-04 19:00:00,0,12.2958333333333,73.6166666666667,7.725
19,2025,8,4,2025-08-04 19:00:00,"PIKARU25",2025-08-04 19:00:00,0,12.2958333333333,73.6166666666667,7.725
19,2025,8,4,2025-08-04 19:00:00,"PIKARU2",2025-08-04 19:00:00,0,12.2958333333333,73.6166666666667,7.725
19,2025,8,4,2025-08-04 19:00:00,"PIKARU6",2025-08-04 19:00:00,1,12.2958333333333,73.6166666666667,7.725
19,2025,8,5,2025-08-05 19:00:00,"PIKARU20",2025-08-05 19:00:00,5,11.6625,80.0141666666667,8.32916666666667
19,2025,8,5,2025-08-05 19:00:00,"PIKARU21",2025-08-05 19:00:00,0,11.6625,80.0141666666667,8.32916666666667
19,2025,8,5,2025-08-05 19:00:00,"PIKARU25",2025-08-05 19:00:00,4,11.6625,80.0141666666667,8.32916666666667
19,2025,8,5,2025-08-05 19:00:00,"PIKARU2",2025-08-05 19:00:00,0,11.6625,80.0141666666667,8.32916666666667
19,2025,8,5,2025-08-05 19:00:00,"PIKARU6",2025-08-05 19:00:00,4,11.6625,80.0141666666667,8.32916666666667
20,2025,8,2,2025-08-02 20:00:00,"PIKARU20",2025-08-02 20:00:00,4,15.67,44.1483333333333,3.49666666666667
20,2025,8,2,2025-08-02 20:00:00,"PIKARU21",2025-08-02 20:00:00,0,15.67,44.1483333333333,3.49666666666667
20,2025,8,2,2025-08-02 20:00:00,"PIKARU25",2025-08-02 20:00:00,7,15.67,44.1483333333333,3.49666666666667
20,2025,8,2,2025-08-02 20:00:00,"PIKARU2",2025-08-02 20:00:00,0,15.67,44.1483333333333,3.49666666666667
20,2025,8,2,2025-08-02 20:00:00,"PIKARU6",2025-08-02 20:00:00,10,15.67,44.1483333333333,3.49666666666667
20,2025,8,4,2025-08-04 20:00:00,"PIKARU20",2025-08-04 20:00:00,13,11.7908333333333,72.5491666666667,7.02666666666667
20,2025,8,4,2025-08-04 20:00:00,"PIKARU21",2025-08-04 20:00:00,0,11.7908333333333,72.5491666666667,7.02666666666667
20,2025,8,4,2025-08-04 20:00:00,"PIKARU25",2025-08-04 20:00:00,7,11.7908333333333,72.5491666666667,7.02666666666667
20,2025,8,4,2025-08-04 20:00:00,"PIKARU2",2025-08-04 20:00:00,0,11.7908333333333,72.5491666666667,7.02666666666667
20,2025,8,4,2025-08-04 20:00:00,"PIKARU6",2025-08-04 20:00:00,10,11.7908333333333,72.5491666666667,7.02666666666667
20,2025,8,5,2025-08-05 20:00:00,"PIKARU20",2025-08-05 20:00:00,3,11.3691666666667,79.3508333333333,7.93333333333333
20,2025,8,5,2025-08-05 20:00:00,"PIKARU21",2025-08-05 20:00:00,0,11.3691666666667,79.3508333333333,7.93333333333333
20,2025,8,5,2025-08-05 20:00:00,"PIKARU25",2025-08-05 20:00:00,3,11.3691666666667,79.3508333333333,7.93333333333333
20,2025,8,5,2025-08-05 20:00:00,"PIKARU2",2025-08-05 20:00:00,1,11.3691666666667,79.3508333333333,7.93333333333333
20,2025,8,5,2025-08-05 20:00:00,"PIKARU6",2025-08-05 20:00:00,2,11.3691666666667,79.3508333333333,7.93333333333333
21,2025,8,2,2025-08-02 21:00:00,"PIKARU20",2025-08-02 21:00:00,19,14.1008333333333,50.0891666666667,3.85583333333333
21,2025,8,2,2025-08-02 21:00:00,"PIKARU21",2025-08-02 21:00:00,0,14.1008333333333,50.0891666666667,3.85583333333333
21,2025,8,2,2025-08-02 21:00:00,"PIKARU25",2025-08-02 21:00:00,21,14.1008333333333,50.0891666666667,3.85583333333333
21,2025,8,2,2025-08-02 21:00:00,"PIKARU2",2025-08-02 21:00:00,0,14.1008333333333,50.0891666666667,3.85583333333333
21,2025,8,2,2025-08-02 21:00:00,"PIKARU6",2025-08-02 21:00:00,14,14.1008333333333,50.0891666666667,3.85583333333333
21,2025,8,4,2025-08-04 21:00:00,"PIKARU20",2025-08-04 21:00:00,8,11.0116666666667,73.8475,6.53666666666667
21,2025,8,4,2025-08-04 21:00:00,"PIKARU21",2025-08-04 21:00:00,0,11.0116666666667,73.8475,6.53666666666667
21,2025,8,4,2025-08-04 21:00:00,"PIKARU25",2025-08-04 21:00:00,6,11.0116666666667,73.8475,6.53666666666667
21,2025,8,4,2025-08-04 21:00:00,"PIKARU2",2025-08-04 21:00:00,0,11.0116666666667,73.8475,6.53666666666667
21,2025,8,4,2025-08-04 21:00:00,"PIKARU6",2025-08-04 21:00:00,9,11.0116666666667,73.8475,6.53666666666667
21,2025,8,5,2025-08-05 21:00:00,"PIKARU20",2025-08-05 21:00:00,0,10.3308333333333,82.9116666666667,7.56083333333333
21,2025,8,5,2025-08-05 21:00:00,"PIKARU21",2025-08-05 21:00:00,0,10.3308333333333,82.9116666666667,7.56083333333333
21,2025,8,5,2025-08-05 21:00:00,"PIKARU25",2025-08-05 21:00:00,1,10.3308333333333,82.9116666666667,7.56083333333333
21,2025,8,5,2025-08-05 21:00:00,"PIKARU2",2025-08-05 21:00:00,0,10.3308333333333,82.9116666666667,7.56083333333333
21,2025,8,5,2025-08-05 21:00:00,"PIKARU6",2025-08-05 21:00:00,1,10.3308333333333,82.9116666666667,7.56083333333333
22,2025,8,2,2025-08-02 22:00:00,"PIKARU20",2025-08-02 22:00:00,11,12.1391666666667,53.6358333333333,3.01333333333333
22,2025,8,2,2025-08-02 22:00:00,"PIKARU21",2025-08-02 22:00:00,0,12.1391666666667,53.6358333333333,3.01333333333333
22,2025,8,2,2025-08-02 22:00:00,"PIKARU25",2025-08-02 22:00:00,9,12.1391666666667,53.6358333333333,3.01333333333333
22,2025,8,2,2025-08-02 22:00:00,"PIKARU2",2025-08-02 22:00:00,1,12.1391666666667,53.6358333333333,3.01333333333333
22,2025,8,2,2025-08-02 22:00:00,"PIKARU6",2025-08-02 22:00:00,7,12.1391666666667,53.6358333333333,3.01333333333333
22,2025,8,4,2025-08-04 22:00:00,"PIKARU20",2025-08-04 22:00:00,6,10.095,74.7358333333333,5.825
22,2025,8,4,2025-08-04 22:00:00,"PIKARU21",2025-08-04 22:00:00,0,10.095,74.7358333333333,5.825
22,2025,8,4,2025-08-04 22:00:00,"PIKARU25",2025-08-04 22:00:00,2,10.095,74.7358333333333,5.825
22,2025,8,4,2025-08-04 22:00:00,"PIKARU2",2025-08-04 22:00:00,0,10.095,74.7358333333333,5.825
22,2025,8,4,2025-08-04 22:00:00,"PIKARU6",2025-08-04 22:00:00,7,10.095,74.7358333333333,5.825
22,2025,8,5,2025-08-05 22:00:00,"PIKARU20",2025-08-05 22:00:00,1,9.755,83.5258333333333,7.10916666666667
22,2025,8,5,2025-08-05 22:00:00,"PIKARU21",2025-08-05 22:00:00,0,9.755,83.5258333333333,7.10916666666667
22,2025,8,5,2025-08-05 22:00:00,"PIKARU25",2025-08-05 22:00:00,1,9.755,83.5258333333333,7.10916666666667
22,2025,8,5,2025-08-05 22:00:00,"PIKARU2",2025-08-05 22:00:00,0,9.755,83.5258333333333,7.10916666666667
22,2025,8,5,2025-08-05 22:00:00,"PIKARU6",2025-08-05 22:00:00,1,9.755,83.5258333333333,7.10916666666667
23,2025,8,2,2025-08-02 23:00:00,"PIKARU20",2025-08-02 23:00:00,0,10.3558333333333,57.8816666666667,2.42916666666667
23,2025,8,2,2025-08-02 23:00:00,"PIKARU21",2025-08-02 23:00:00,0,10.3558333333333,57.8816666666667,2.42916666666667
23,2025,8,2,2025-08-02 23:00:00,"PIKARU25",2025-08-02 23:00:00,0,10.3558333333333,57.8816666666667,2.42916666666667
23,2025,8,2,2025-08-02 23:00:00,"PIKARU2",2025-08-02 23:00:00,0,10.3558333333333,57.8816666666667,2.42916666666667
23,2025,8,2,2025-08-02 23:00:00,"PIKARU6",2025-08-02 23:00:00,0,10.3558333333333,57.8816666666667,2.42916666666667
23,2025,8,4,2025-08-04 23:00:00,"PIKARU20",2025-08-04 23:00:00,3,8.89333333333333,76.7133333333333,5.03833333333333
23,2025,8,4,2025-08-04 23:00:00,"PIKARU21",2025-08-04 23:00:00,0,8.89333333333333,76.7133333333333,5.03833333333333
23,2025,8,4,2025-08-04 23:00:00,"PIKARU25",2025-08-04 23:00:00,6,8.89333333333333,76.7133333333333,5.03833333333333
23,2025,8,4,2025-08-04 23:00:00,"PIKARU2",2025-08-04 23:00:00,0,8.89333333333333,76.7133333333333,5.03833333333333
23,2025,8,4,2025-08-04 23:00:00,"PIKARU6",2025-08-04 23:00:00,4,8.89333333333333,76.7133333333333,5.03833333333333
23,2025,8,5,2025-08-05 23:00:00,"PIKARU20",2025-08-05 23:00:00,0,9.16333333333333,81.0933333333333,6.09833333333333
23,2025,8,5,2025-08-05 23:00:00,"PIKARU21",2025-08-05 23:00:00,0,9.16333333333333,81.0933333333333,6.09833333333333
23,2025,8,5,2025-08-05 23:00:00,"PIKARU25",2025-08-05 23:00:00,1,9.16333333333333,81.0933333333333,6.09833333333333
23,2025,8,5,2025-08-05 23:00:00,"PIKARU2",2025-08-05 23:00:00,0,9.16333333333333,81.0933333333333,6.09833333333333
23,2025,8,5,2025-08-05 23:00:00,"PIKARU6",2025-08-05 23:00:00,1,9.16333333333333,81.0933333333333,6.09833333333333
